CLV_Segment,customers,avg_clv,total_revenue,profitability_rank
High,846,2540.4909610402206,2149255.3530400265,2.0
Low,1787,290.2834781508191,518736.5754555138,4.0
Medium,1490,866.2090988430782,1290651.5572761865,3.0
VIP,215,15284.638683354267,3286197.3169211675,1.0
