CLV_Segment,customers,total_predicted_revenue,avg_clv,revenue_share_%
VIP,215,3286197.3169211675,15284.638683354267,45.36
High,846,2149255.3530400265,2540.4909610402206,29.67
Medium,1490,1290651.5572761865,866.2090988430782,17.81
Low,1787,518736.5754555138,290.2834781508191,7.16
